personID,clubMemberID,relationship,createdAt,updatedAt
2,988,GrandFather,"2024-07-19 13:12:00","2024-07-19 13:12:00"
3,592,GrandFather,"2024-07-19 13:12:00","2024-07-19 13:12:00"
5,343,Friend,"2024-07-19 13:12:00","2024-07-19 13:12:00"
15,991,Other,"2024-07-19 13:12:00","2024-07-19 13:12:00"
16,296,GrandMother,"2024-07-19 13:12:00","2024-07-19 13:12:00"
21,692,Friend,"2024-07-19 13:12:00","2024-07-19 13:12:00"
22,683,Other,"2024-07-19 13:12:00","2024-07-19 13:12:00"
27,926,Father,"2024-07-19 13:12:00","2024-07-19 13:12:00"
30,207,GrandMother,"2024-07-19 13:12:00","2024-07-19 13:12:00"
32,924,Partner,"2024-07-19 13:12:00","2024-07-19 13:12:00"
35,423,Other,"2024-07-19 13:12:00","2024-07-19 13:12:00"
39,985,Mother,"2024-07-19 13:12:00","2024-07-19 13:12:00"
40,357,Partner,"2024-07-19 13:12:00","2024-07-19 13:12:00"
41,769,GrandFather,"2024-07-19 13:12:00","2024-07-19 13:12:00"
43,55,Tutor,"2024-07-19 13:12:00","2024-07-19 13:12:00"
47,694,Tutor,"2024-07-19 13:12:00","2024-07-19 13:12:00"
59,388,Tutor,"2024-07-19 13:12:00","2024-07-19 13:12:00"
60,926,Mother,"2024-07-19 13:12:00","2024-07-19 13:12:00"
62,926,Partner,"2024-07-19 13:12:00","2024-07-19 13:12:00"
63,231,Friend,"2024-07-19 13:12:00","2024-07-19 13:12:00"
65,334,Partner,"2024-07-19 13:12:00","2024-07-19 13:12:00"
69,96,GrandFather,"2024-07-19 13:12:00","2024-07-19 13:12:00"
71,590,GrandFather,"2024-07-19 13:12:00","2024-07-19 13:12:00"
74,175,GrandMother,"2024-07-19 13:12:00","2024-07-19 13:12:00"
75,315,Mother,"2024-07-19 13:12:00","2024-07-19 13:12:00"
77,522,Partner,"2024-07-19 13:12:00","2024-07-19 13:12:00"
80,641,GrandFather,"2024-07-19 13:12:00","2024-07-19 13:12:00"
82,421,Friend,"2024-07-19 13:12:00","2024-07-19 13:12:00"
84,357,Friend,"2024-07-19 13:12:00","2024-07-19 13:12:00"
87,718,GrandMother,"2024-07-19 13:12:00","2024-07-19 13:12:00"
89,451,Father,"2024-07-19 13:12:00","2024-07-19 13:12:00"
91,423,Father,"2024-07-19 13:12:00","2024-07-19 13:12:00"
94,658,Other,"2024-07-19 13:12:00","2024-07-19 13:12:00"
99,889,Mother,"2024-07-19 13:12:00","2024-07-19 13:12:00"
101,376,GrandMother,"2024-07-19 13:12:00","2024-07-19 13:12:00"
102,52,Friend,"2024-07-19 13:12:00","2024-07-19 13:12:00"
104,832,Tutor,"2024-07-19 13:12:00","2024-07-19 13:12:00"
106,268,Father,"2024-07-19 13:12:00","2024-07-19 13:12:00"
111,462,Father,"2024-07-19 13:12:00","2024-07-19 13:12:00"
113,590,Partner,"2024-07-19 13:12:00","2024-07-19 13:12:00"
114,440,Father,"2024-07-19 13:12:00","2024-07-19 13:12:00"
115,78,GrandFather,"2024-07-19 13:12:00","2024-07-19 13:12:00"
117,590,GrandMother,"2024-07-19 13:12:00","2024-07-19 13:12:00"
120,357,Other,"2024-07-19 13:12:00","2024-07-19 13:12:00"
121,767,Father,"2024-07-19 13:12:00","2024-07-19 13:12:00"
123,590,Other,"2024-07-19 13:12:00","2024-07-19 13:12:00"
126,951,GrandFather,"2024-07-19 13:12:00","2024-07-19 13:12:00"
128,296,Other,"2024-07-19 13:12:00","2024-07-19 13:12:00"
131,990,Other,"2024-07-19 13:12:00","2024-07-19 13:12:00"
141,590,Tutor,"2024-07-19 13:12:00","2024-07-19 13:12:00"
142,593,Mother,"2024-07-19 13:12:00","2024-07-19 13:12:00"
143,718,Mother,"2024-07-19 13:12:00","2024-07-19 13:12:00"
144,231,Partner,"2024-07-19 13:12:00","2024-07-19 13:12:00"
153,376,Father,"2024-07-19 13:12:00","2024-07-19 13:12:00"
154,231,Father,"2024-07-19 13:12:00","2024-07-19 13:12:00"
156,736,Father,"2024-07-19 13:12:00","2024-07-19 13:12:00"
158,990,GrandFather,"2024-07-19 13:12:00","2024-07-19 13:12:00"
159,672,Friend,"2024-07-19 13:12:00","2024-07-19 13:12:00"
163,432,Father,"2024-07-19 13:12:00","2024-07-19 13:12:00"
166,754,Other,"2024-07-19 13:12:00","2024-07-19 13:12:00"
167,132,Tutor,"2024-07-19 13:12:00","2024-07-19 13:12:00"
173,988,Mother,"2024-07-19 13:12:00","2024-07-19 13:12:00"
174,545,Friend,"2024-07-19 13:12:00","2024-07-19 13:12:00"
181,96,Friend,"2024-07-19 13:12:00","2024-07-19 13:12:00"
192,889,Other,"2024-07-19 13:12:00","2024-07-19 13:12:00"
195,170,Tutor,"2024-07-19 13:12:00","2024-07-19 13:12:00"
197,235,Friend,"2024-07-19 13:12:00","2024-07-19 13:12:00"
200,924,Other,"2024-07-19 13:12:00","2024-07-19 13:12:00"
202,132,GrandMother,"2024-07-19 13:12:00","2024-07-19 13:12:00"
203,615,Other,"2024-07-19 13:12:00","2024-07-19 13:12:00"
204,296,Friend,"2024-07-19 13:12:00","2024-07-19 13:12:00"
205,908,Tutor,"2024-07-19 13:12:00","2024-07-19 13:12:00"
206,340,Friend,"2024-07-19 13:12:00","2024-07-19 13:12:00"
214,136,Partner,"2024-07-19 13:12:00","2024-07-19 13:12:00"
220,371,Partner,"2024-07-19 13:12:00","2024-07-19 13:12:00"
222,296,GrandFather,"2024-07-19 13:12:00","2024-07-19 13:12:00"
224,718,Other,"2024-07-19 13:12:00","2024-07-19 13:12:00"
226,376,Mother,"2024-07-19 13:12:00","2024-07-19 13:12:00"
232,119,GrandMother,"2024-07-19 13:12:00","2024-07-19 13:12:00"
236,376,Tutor,"2024-07-19 13:12:00","2024-07-19 13:12:00"
237,227,Tutor,"2024-07-19 13:12:00","2024-07-19 13:12:00"
242,440,Friend,"2024-07-19 13:12:00","2024-07-19 13:12:00"
243,369,Tutor,"2024-07-19 13:12:00","2024-07-19 13:12:00"
246,100,Mother,"2024-07-19 13:12:00","2024-07-19 13:12:00"
248,61,Tutor,"2024-07-19 13:12:00","2024-07-19 13:12:00"
250,926,Tutor,"2024-07-19 13:12:00","2024-07-19 13:12:00"
251,590,Mother,"2024-07-19 13:12:00","2024-07-19 13:12:00"
253,225,GrandFather,"2024-07-19 13:12:00","2024-07-19 13:12:00"
255,951,Mother,"2024-07-19 13:12:00","2024-07-19 13:12:00"
256,462,GrandFather,"2024-07-19 13:12:00","2024-07-19 13:12:00"
257,235,GrandMother,"2024-07-19 13:12:00","2024-07-19 13:12:00"
259,754,Partner,"2024-07-19 13:12:00","2024-07-19 13:12:00"
263,664,GrandFather,"2024-07-19 13:12:00","2024-07-19 13:12:00"
265,832,Mother,"2024-07-19 13:12:00","2024-07-19 13:12:00"
266,334,Father,"2024-07-19 13:12:00","2024-07-19 13:12:00"
270,432,Mother,"2024-07-19 13:12:00","2024-07-19 13:12:00"
274,849,GrandMother,"2024-07-19 13:12:00","2024-07-19 13:12:00"
275,280,Tutor,"2024-07-19 13:12:00","2024-07-19 13:12:00"
279,832,GrandFather,"2024-07-19 13:12:00","2024-07-19 13:12:00"
281,207,Friend,"2024-07-19 13:12:00","2024-07-19 13:12:00"
285,52,Father,"2024-07-19 13:12:00","2024-07-19 13:12:00"
288,100,GrandFather,"2024-07-19 13:12:00","2024-07-19 13:12:00"
290,990,Father,"2024-07-19 13:12:00","2024-07-19 13:12:00"
292,185,GrandMother,"2024-07-19 13:12:00","2024-07-19 13:12:00"
293,376,Friend,"2024-07-19 13:12:00","2024-07-19 13:12:00"
295,421,GrandMother,"2024-07-19 13:12:00","2024-07-19 13:12:00"
297,388,Father,"2024-07-19 13:12:00","2024-07-19 13:12:00"
298,371,GrandMother,"2024-07-19 13:12:00","2024-07-19 13:12:00"
300,9,GrandFather,"2024-07-19 13:12:00","2024-07-19 13:12:00"
305,767,GrandFather,"2024-07-19 13:12:00","2024-07-19 13:12:00"
306,692,GrandMother,"2024-07-19 13:12:00","2024-07-19 13:12:00"
307,268,Tutor,"2024-07-19 13:12:00","2024-07-19 13:12:00"
308,55,GrandMother,"2024-07-19 13:12:00","2024-07-19 13:12:00"
309,78,Other,"2024-07-19 13:12:00","2024-07-19 13:12:00"
312,703,Mother,"2024-07-19 13:12:00","2024-07-19 13:12:00"
316,593,Other,"2024-07-19 13:12:00","2024-07-19 13:12:00"
317,965,GrandFather,"2024-07-19 13:12:00","2024-07-19 13:12:00"
320,965,Friend,"2024-07-19 13:12:00","2024-07-19 13:12:00"
323,315,Partner,"2024-07-19 13:12:00","2024-07-19 13:12:00"
326,9,Father,"2024-07-19 13:12:00","2024-07-19 13:12:00"
327,52,Other,"2024-07-19 13:12:00","2024-07-19 13:12:00"
329,198,Mother,"2024-07-19 13:12:00","2024-07-19 13:12:00"
333,175,GrandFather,"2024-07-19 13:12:00","2024-07-19 13:12:00"
336,747,GrandMother,"2024-07-19 13:12:00","2024-07-19 13:12:00"
339,801,Tutor,"2024-07-19 13:12:00","2024-07-19 13:12:00"
348,227,Mother,"2024-07-19 13:12:00","2024-07-19 13:12:00"
351,761,GrandMother,"2024-07-19 13:12:00","2024-07-19 13:12:00"
354,451,Partner,"2024-07-19 13:12:00","2024-07-19 13:12:00"
361,448,Father,"2024-07-19 13:12:00","2024-07-19 13:12:00"
362,951,Father,"2024-07-19 13:12:00","2024-07-19 13:12:00"
363,55,Other,"2024-07-19 13:12:00","2024-07-19 13:12:00"
364,801,GrandFather,"2024-07-19 13:12:00","2024-07-19 13:12:00"
365,334,Mother,"2024-07-19 13:12:00","2024-07-19 13:12:00"
367,18,Friend,"2024-07-19 13:12:00","2024-07-19 13:12:00"
368,227,Father,"2024-07-19 13:12:00","2024-07-19 13:12:00"
370,340,Partner,"2024-07-19 13:12:00","2024-07-19 13:12:00"
372,185,Tutor,"2024-07-19 13:12:00","2024-07-19 13:12:00"
374,448,Other,"2024-07-19 13:12:00","2024-07-19 13:12:00"
377,216,Friend,"2024-07-19 13:12:00","2024-07-19 13:12:00"
380,225,Friend,"2024-07-19 13:12:00","2024-07-19 13:12:00"
381,523,GrandMother,"2024-07-19 13:12:00","2024-07-19 13:12:00"
383,334,GrandFather,"2024-07-19 13:12:00","2024-07-19 13:12:00"
384,669,Other,"2024-07-19 13:12:00","2024-07-19 13:12:00"
386,227,GrandMother,"2024-07-19 13:12:00","2024-07-19 13:12:00"
389,335,GrandMother,"2024-07-19 13:12:00","2024-07-19 13:12:00"
395,227,Friend,"2024-07-19 13:12:00","2024-07-19 13:12:00"
396,985,Other,"2024-07-19 13:12:00","2024-07-19 13:12:00"
400,692,Father,"2024-07-19 13:12:00","2024-07-19 13:12:00"
402,849,Other,"2024-07-19 13:12:00","2024-07-19 13:12:00"
405,136,Tutor,"2024-07-19 13:12:00","2024-07-19 13:12:00"
406,951,Other,"2024-07-19 13:12:00","2024-07-19 13:12:00"
407,136,GrandFather,"2024-07-19 13:12:00","2024-07-19 13:12:00"
409,754,GrandFather,"2024-07-19 13:12:00","2024-07-19 13:12:00"
414,207,Mother,"2024-07-19 13:12:00","2024-07-19 13:12:00"
418,658,Tutor,"2024-07-19 13:12:00","2024-07-19 13:12:00"
424,231,GrandMother,"2024-07-19 13:12:00","2024-07-19 13:12:00"
425,175,Partner,"2024-07-19 13:12:00","2024-07-19 13:12:00"
426,985,Tutor,"2024-07-19 13:12:00","2024-07-19 13:12:00"
431,658,Mother,"2024-07-19 13:12:00","2024-07-19 13:12:00"
434,672,Tutor,"2024-07-19 13:12:00","2024-07-19 13:12:00"
435,836,Father,"2024-07-19 13:12:00","2024-07-19 13:12:00"
436,769,Mother,"2024-07-19 13:12:00","2024-07-19 13:12:00"
437,207,GrandFather,"2024-07-19 13:12:00","2024-07-19 13:12:00"
439,991,GrandFather,"2024-07-19 13:12:00","2024-07-19 13:12:00"
442,467,Father,"2024-07-19 13:12:00","2024-07-19 13:12:00"
443,801,Friend,"2024-07-19 13:12:00","2024-07-19 13:12:00"
446,929,Tutor,"2024-07-19 13:12:00","2024-07-19 13:12:00"
447,849,Father,"2024-07-19 13:12:00","2024-07-19 13:12:00"
455,369,Father,"2024-07-19 13:12:00","2024-07-19 13:12:00"
457,262,Mother,"2024-07-19 13:12:00","2024-07-19 13:12:00"
464,658,GrandMother,"2024-07-19 13:12:00","2024-07-19 13:12:00"
465,296,Partner,"2024-07-19 13:12:00","2024-07-19 13:12:00"
468,664,Friend,"2024-07-19 13:12:00","2024-07-19 13:12:00"
474,448,Friend,"2024-07-19 13:12:00","2024-07-19 13:12:00"
477,467,Partner,"2024-07-19 13:12:00","2024-07-19 13:12:00"
478,78,Father,"2024-07-19 13:12:00","2024-07-19 13:12:00"
485,669,Father,"2024-07-19 13:12:00","2024-07-19 13:12:00"
487,371,Other,"2024-07-19 13:12:00","2024-07-19 13:12:00"
491,965,Father,"2024-07-19 13:12:00","2024-07-19 13:12:00"
494,990,Mother,"2024-07-19 13:12:00","2024-07-19 13:12:00"
501,267,Father,"2024-07-19 13:12:00","2024-07-19 13:12:00"
504,268,Mother,"2024-07-19 13:12:00","2024-07-19 13:12:00"
506,52,GrandMother,"2024-07-19 13:12:00","2024-07-19 13:12:00"
510,917,Friend,"2024-07-19 13:12:00","2024-07-19 13:12:00"
512,149,GrandMother,"2024-07-19 13:12:00","2024-07-19 13:12:00"
513,641,Tutor,"2024-07-19 13:12:00","2024-07-19 13:12:00"
515,14,GrandFather,"2024-07-19 13:12:00","2024-07-19 13:12:00"
516,136,GrandMother,"2024-07-19 13:12:00","2024-07-19 13:12:00"
519,801,Other,"2024-07-19 13:12:00","2024-07-19 13:12:00"
520,754,GrandMother,"2024-07-19 13:12:00","2024-07-19 13:12:00"
525,462,Tutor,"2024-07-19 13:12:00","2024-07-19 13:12:00"
526,448,GrandMother,"2024-07-19 13:12:00","2024-07-19 13:12:00"
532,334,Tutor,"2024-07-19 13:12:00","2024-07-19 13:12:00"
535,988,GrandMother,"2024-07-19 13:12:00","2024-07-19 13:12:00"
536,14,Other,"2024-07-19 13:12:00","2024-07-19 13:12:00"
537,849,Partner,"2024-07-19 13:12:00","2024-07-19 13:12:00"
541,335,Tutor,"2024-07-19 13:12:00","2024-07-19 13:12:00"
543,421,Mother,"2024-07-19 13:12:00","2024-07-19 13:12:00"
558,767,Other,"2024-07-19 13:12:00","2024-07-19 13:12:00"
561,908,Other,"2024-07-19 13:12:00","2024-07-19 13:12:00"
563,369,Mother,"2024-07-19 13:12:00","2024-07-19 13:12:00"
564,924,Father,"2024-07-19 13:12:00","2024-07-19 13:12:00"
567,170,Father,"2024-07-19 13:12:00","2024-07-19 13:12:00"
570,988,Tutor,"2024-07-19 13:12:00","2024-07-19 13:12:00"
571,61,Other,"2024-07-19 13:12:00","2024-07-19 13:12:00"
572,48,Mother,"2024-07-19 13:12:00","2024-07-19 13:12:00"
575,262,Other,"2024-07-19 13:12:00","2024-07-19 13:12:00"
576,136,Friend,"2024-07-19 13:12:00","2024-07-19 13:12:00"
577,991,Mother,"2024-07-19 13:12:00","2024-07-19 13:12:00"
578,335,Friend,"2024-07-19 13:12:00","2024-07-19 13:12:00"
580,467,GrandMother,"2024-07-19 13:12:00","2024-07-19 13:12:00"
583,357,Father,"2024-07-19 13:12:00","2024-07-19 13:12:00"
584,995,Other,"2024-07-19 13:12:00","2024-07-19 13:12:00"
585,55,Father,"2024-07-19 13:12:00","2024-07-19 13:12:00"
586,119,Friend,"2024-07-19 13:12:00","2024-07-19 13:12:00"
587,198,GrandFather,"2024-07-19 13:12:00","2024-07-19 13:12:00"
588,52,Tutor,"2024-07-19 13:12:00","2024-07-19 13:12:00"
594,683,Tutor,"2024-07-19 13:12:00","2024-07-19 13:12:00"
599,694,Partner,"2024-07-19 13:12:00","2024-07-19 13:12:00"
600,198,Partner,"2024-07-19 13:12:00","2024-07-19 13:12:00"
602,231,Other,"2024-07-19 13:12:00","2024-07-19 13:12:00"
604,988,Father,"2024-07-19 13:12:00","2024-07-19 13:12:00"
605,451,Mother,"2024-07-19 13:12:00","2024-07-19 13:12:00"
608,754,Tutor,"2024-07-19 13:12:00","2024-07-19 13:12:00"
609,801,Father,"2024-07-19 13:12:00","2024-07-19 13:12:00"
610,985,Friend,"2024-07-19 13:12:00","2024-07-19 13:12:00"
611,48,Father,"2024-07-19 13:12:00","2024-07-19 13:12:00"
614,14,Tutor,"2024-07-19 13:12:00","2024-07-19 13:12:00"
617,18,Tutor,"2024-07-19 13:12:00","2024-07-19 13:12:00"
620,703,Friend,"2024-07-19 13:12:00","2024-07-19 13:12:00"
632,522,Other,"2024-07-19 13:12:00","2024-07-19 13:12:00"
635,340,GrandMother,"2024-07-19 13:12:00","2024-07-19 13:12:00"
636,929,GrandFather,"2024-07-19 13:12:00","2024-07-19 13:12:00"
637,769,GrandMother,"2024-07-19 13:12:00","2024-07-19 13:12:00"
643,664,Father,"2024-07-19 13:12:00","2024-07-19 13:12:00"
646,467,GrandFather,"2024-07-19 13:12:00","2024-07-19 13:12:00"
648,61,GrandMother,"2024-07-19 13:12:00","2024-07-19 13:12:00"
650,995,GrandMother,"2024-07-19 13:12:00","2024-07-19 13:12:00"
653,965,Other,"2024-07-19 13:12:00","2024-07-19 13:12:00"
655,683,GrandMother,"2024-07-19 13:12:00","2024-07-19 13:12:00"
656,694,GrandMother,"2024-07-19 13:12:00","2024-07-19 13:12:00"
660,198,Tutor,"2024-07-19 13:12:00","2024-07-19 13:12:00"
662,334,GrandMother,"2024-07-19 13:12:00","2024-07-19 13:12:00"
665,801,Partner,"2024-07-19 13:12:00","2024-07-19 13:12:00"
668,448,Partner,"2024-07-19 13:12:00","2024-07-19 13:12:00"
670,170,Friend,"2024-07-19 13:12:00","2024-07-19 13:12:00"
675,694,GrandFather,"2024-07-19 13:12:00","2024-07-19 13:12:00"
680,523,Other,"2024-07-19 13:12:00","2024-07-19 13:12:00"
681,990,Tutor,"2024-07-19 13:12:00","2024-07-19 13:12:00"
682,849,Friend,"2024-07-19 13:12:00","2024-07-19 13:12:00"
691,467,Mother,"2024-07-19 13:12:00","2024-07-19 13:12:00"
693,615,GrandMother,"2024-07-19 13:12:00","2024-07-19 13:12:00"
697,225,Tutor,"2024-07-19 13:12:00","2024-07-19 13:12:00"
699,175,Father,"2024-07-19 13:12:00","2024-07-19 13:12:00"
700,641,Mother,"2024-07-19 13:12:00","2024-07-19 13:12:00"
701,832,Father,"2024-07-19 13:12:00","2024-07-19 13:12:00"
704,388,GrandFather,"2024-07-19 13:12:00","2024-07-19 13:12:00"
705,669,GrandMother,"2024-07-19 13:12:00","2024-07-19 13:12:00"
706,268,Friend,"2024-07-19 13:12:00","2024-07-19 13:12:00"
707,376,Partner,"2024-07-19 13:12:00","2024-07-19 13:12:00"
708,388,Mother,"2024-07-19 13:12:00","2024-07-19 13:12:00"
709,315,GrandMother,"2024-07-19 13:12:00","2024-07-19 13:12:00"
710,615,Partner,"2024-07-19 13:12:00","2024-07-19 13:12:00"
716,747,Friend,"2024-07-19 13:12:00","2024-07-19 13:12:00"
717,119,Partner,"2024-07-19 13:12:00","2024-07-19 13:12:00"
719,14,Father,"2024-07-19 13:12:00","2024-07-19 13:12:00"
722,198,GrandMother,"2024-07-19 13:12:00","2024-07-19 13:12:00"
727,421,Father,"2024-07-19 13:12:00","2024-07-19 13:12:00"
728,55,Mother,"2024-07-19 13:12:00","2024-07-19 13:12:00"
729,889,GrandMother,"2024-07-19 13:12:00","2024-07-19 13:12:00"
730,216,GrandFather,"2024-07-19 13:12:00","2024-07-19 13:12:00"
732,889,Partner,"2024-07-19 13:12:00","2024-07-19 13:12:00"
741,136,Father,"2024-07-19 13:12:00","2024-07-19 13:12:00"
749,683,GrandFather,"2024-07-19 13:12:00","2024-07-19 13:12:00"
753,451,Tutor,"2024-07-19 13:12:00","2024-07-19 13:12:00"
755,593,Tutor,"2024-07-19 13:12:00","2024-07-19 13:12:00"
757,592,Mother,"2024-07-19 13:12:00","2024-07-19 13:12:00"
759,357,GrandFather,"2024-07-19 13:12:00","2024-07-19 13:12:00"
763,96,Mother,"2024-07-19 13:12:00","2024-07-19 13:12:00"
766,889,GrandFather,"2024-07-19 13:12:00","2024-07-19 13:12:00"
768,371,GrandFather,"2024-07-19 13:12:00","2024-07-19 13:12:00"
771,761,Other,"2024-07-19 13:12:00","2024-07-19 13:12:00"
772,170,GrandMother,"2024-07-19 13:12:00","2024-07-19 13:12:00"
774,924,Friend,"2024-07-19 13:12:00","2024-07-19 13:12:00"
776,267,Other,"2024-07-19 13:12:00","2024-07-19 13:12:00"
784,216,Tutor,"2024-07-19 13:12:00","2024-07-19 13:12:00"
790,267,GrandFather,"2024-07-19 13:12:00","2024-07-19 13:12:00"
795,672,Other,"2024-07-19 13:12:00","2024-07-19 13:12:00"
796,658,GrandFather,"2024-07-19 13:12:00","2024-07-19 13:12:00"
800,216,Father,"2024-07-19 13:12:00","2024-07-19 13:12:00"
804,78,Friend,"2024-07-19 13:12:00","2024-07-19 13:12:00"
805,267,Friend,"2024-07-19 13:12:00","2024-07-19 13:12:00"
810,100,Other,"2024-07-19 13:12:00","2024-07-19 13:12:00"
811,836,Friend,"2024-07-19 13:12:00","2024-07-19 13:12:00"
813,119,Father,"2024-07-19 13:12:00","2024-07-19 13:12:00"
816,136,Mother,"2024-07-19 13:12:00","2024-07-19 13:12:00"
818,480,Father,"2024-07-19 13:12:00","2024-07-19 13:12:00"
820,357,Tutor,"2024-07-19 13:12:00","2024-07-19 13:12:00"
823,185,Friend,"2024-07-19 13:12:00","2024-07-19 13:12:00"
825,231,Tutor,"2024-07-19 13:12:00","2024-07-19 13:12:00"
827,849,GrandFather,"2024-07-19 13:12:00","2024-07-19 13:12:00"
828,836,Other,"2024-07-19 13:12:00","2024-07-19 13:12:00"
829,262,Partner,"2024-07-19 13:12:00","2024-07-19 13:12:00"
833,926,Other,"2024-07-19 13:12:00","2024-07-19 13:12:00"
837,369,Partner,"2024-07-19 13:12:00","2024-07-19 13:12:00"
839,836,Mother,"2024-07-19 13:12:00","2024-07-19 13:12:00"
851,208,Partner,"2024-07-19 13:12:00","2024-07-19 13:12:00"
853,100,Tutor,"2024-07-19 13:12:00","2024-07-19 13:12:00"
857,340,GrandFather,"2024-07-19 13:12:00","2024-07-19 13:12:00"
858,132,Partner,"2024-07-19 13:12:00","2024-07-19 13:12:00"
860,235,Father,"2024-07-19 13:12:00","2024-07-19 13:12:00"
862,658,Father,"2024-07-19 13:12:00","2024-07-19 13:12:00"
865,747,Other,"2024-07-19 13:12:00","2024-07-19 13:12:00"
869,262,Tutor,"2024-07-19 13:12:00","2024-07-19 13:12:00"
870,175,Other,"2024-07-19 13:12:00","2024-07-19 13:12:00"
872,761,Partner,"2024-07-19 13:12:00","2024-07-19 13:12:00"
873,423,GrandFather,"2024-07-19 13:12:00","2024-07-19 13:12:00"
874,480,GrandMother,"2024-07-19 13:12:00","2024-07-19 13:12:00"
878,592,Friend,"2024-07-19 13:12:00","2024-07-19 13:12:00"
879,280,GrandMother,"2024-07-19 13:12:00","2024-07-19 13:12:00"
882,908,Mother,"2024-07-19 13:12:00","2024-07-19 13:12:00"
883,767,GrandMother,"2024-07-19 13:12:00","2024-07-19 13:12:00"
892,683,Father,"2024-07-19 13:12:00","2024-07-19 13:12:00"
893,462,Other,"2024-07-19 13:12:00","2024-07-19 13:12:00"
896,14,Mother,"2024-07-19 13:12:00","2024-07-19 13:12:00"
900,343,GrandMother,"2024-07-19 13:12:00","2024-07-19 13:12:00"
901,170,GrandFather,"2024-07-19 13:12:00","2024-07-19 13:12:00"
903,170,Mother,"2024-07-19 13:12:00","2024-07-19 13:12:00"
904,761,Tutor,"2024-07-19 13:12:00","2024-07-19 13:12:00"
905,769,Partner,"2024-07-19 13:12:00","2024-07-19 13:12:00"
907,523,Friend,"2024-07-19 13:12:00","2024-07-19 13:12:00"
913,448,Tutor,"2024-07-19 13:12:00","2024-07-19 13:12:00"
914,467,Other,"2024-07-19 13:12:00","2024-07-19 13:12:00"
915,262,GrandFather,"2024-07-19 13:12:00","2024-07-19 13:12:00"
916,136,Other,"2024-07-19 13:12:00","2024-07-19 13:12:00"
923,100,Father,"2024-07-19 13:12:00","2024-07-19 13:12:00"
927,149,Father,"2024-07-19 13:12:00","2024-07-19 13:12:00"
930,545,Mother,"2024-07-19 13:12:00","2024-07-19 13:12:00"
932,849,Tutor,"2024-07-19 13:12:00","2024-07-19 13:12:00"
933,235,Other,"2024-07-19 13:12:00","2024-07-19 13:12:00"
934,929,Mother,"2024-07-19 13:12:00","2024-07-19 13:12:00"
935,462,Friend,"2024-07-19 13:12:00","2024-07-19 13:12:00"
938,926,Friend,"2024-07-19 13:12:00","2024-07-19 13:12:00"
943,965,Tutor,"2024-07-19 13:12:00","2024-07-19 13:12:00"
944,718,Partner,"2024-07-19 13:12:00","2024-07-19 13:12:00"
946,523,GrandFather,"2024-07-19 13:12:00","2024-07-19 13:12:00"
950,615,Friend,"2024-07-19 13:12:00","2024-07-19 13:12:00"
952,61,Father,"2024-07-19 13:12:00","2024-07-19 13:12:00"
954,315,GrandFather,"2024-07-19 13:12:00","2024-07-19 13:12:00"
955,296,Tutor,"2024-07-19 13:12:00","2024-07-19 13:12:00"
958,296,Mother,"2024-07-19 13:12:00","2024-07-19 13:12:00"
960,421,Tutor,"2024-07-19 13:12:00","2024-07-19 13:12:00"
961,703,Tutor,"2024-07-19 13:12:00","2024-07-19 13:12:00"
962,343,GrandFather,"2024-07-19 13:12:00","2024-07-19 13:12:00"
963,388,Friend,"2024-07-19 13:12:00","2024-07-19 13:12:00"
969,440,Other,"2024-07-19 13:12:00","2024-07-19 13:12:00"
970,52,Partner,"2024-07-19 13:12:00","2024-07-19 13:12:00"
974,451,Friend,"2024-07-19 13:12:00","2024-07-19 13:12:00"
981,208,Mother,"2024-07-19 13:12:00","2024-07-19 13:12:00"
983,235,Mother,"2024-07-19 13:12:00","2024-07-19 13:12:00"
994,917,Partner,"2024-07-19 13:12:00","2024-07-19 13:12:00"
998,216,GrandMother,"2024-07-19 13:12:00","2024-07-19 13:12:00"
