locationID,teamNumber,name,gender,createdAt,updatedAt
1,0,"Team Voluptatibus",f,"2024-07-19 13:12:01","2024-07-19 13:12:01"
1,1,"Team Nisi",m,"2024-07-19 13:12:01","2024-07-19 13:12:01"
1,2,"Team Ut",f,"2024-07-19 13:12:01","2024-07-19 13:12:01"
2,0,"Team Nemo",m,"2024-07-19 13:12:01","2024-07-19 13:12:01"
2,1,"Team Inventore",m,"2024-07-19 13:12:01","2024-07-19 13:12:01"
2,2,"Team Quaerat",f,"2024-07-19 13:12:01","2024-07-19 13:12:01"
2,4,"Team Quidem",m,"2024-07-19 13:12:01","2024-07-19 13:12:01"
3,0,"Team Saepe",f,"2024-07-19 13:12:01","2024-07-19 13:12:01"
4,0,"Team Nemo",m,"2024-07-19 13:12:01","2024-07-19 13:12:01"
4,1,"Team Nobis",f,"2024-07-19 13:12:01","2024-07-19 13:12:01"
4,3,"Team Architecto",m,"2024-07-19 13:12:01","2024-07-19 13:12:01"
5,0,"Team Occaecati",m,"2024-07-19 13:12:01","2024-07-19 13:12:01"
5,1,"Team Minus",f,"2024-07-19 13:12:01","2024-07-19 13:12:01"
5,2,"Team Incidunt",f,"2024-07-19 13:12:01","2024-07-19 13:12:01"
5,3,"Team Suscipit",f,"2024-07-19 13:12:01","2024-07-19 13:12:01"
5,4,"Team Ad",m,"2024-07-19 13:12:01","2024-07-19 13:12:01"
6,0,"Team Qui",m,"2024-07-19 13:12:01","2024-07-19 13:12:01"
6,1,"Team Ullam",f,"2024-07-19 13:12:01","2024-07-19 13:12:01"
6,2,"Team Laborum",f,"2024-07-19 13:12:01","2024-07-19 13:12:01"
6,3,"Team Nobis",m,"2024-07-19 13:12:01","2024-07-19 13:12:01"
6,4,"Team Voluptates",f,"2024-07-19 13:12:01","2024-07-19 13:12:01"
6,5,"Team Officiis",f,"2024-07-19 13:12:01","2024-07-19 13:12:01"
7,0,"Team Magnam",m,"2024-07-19 13:12:01","2024-07-19 13:12:01"
7,1,"Team Officia",f,"2024-07-19 13:12:01","2024-07-19 13:12:01"
7,2,"Team Sunt",f,"2024-07-19 13:12:01","2024-07-19 13:12:01"
7,3,"Team Ab",f,"2024-07-19 13:12:01","2024-07-19 13:12:01"
8,0,"Team Odio",f,"2024-07-19 13:12:01","2024-07-19 13:12:01"
8,1,"Team Incidunt",f,"2024-07-19 13:12:01","2024-07-19 13:12:01"
8,2,"Team Eum",m,"2024-07-19 13:12:01","2024-07-19 13:12:01"
8,3,"Team Dolorem",f,"2024-07-19 13:12:01","2024-07-19 13:12:01"
9,0,"Team Quam",f,"2024-07-19 13:12:01","2024-07-19 13:12:01"
9,1,"Team Fuga",m,"2024-07-19 13:12:01","2024-07-19 13:12:01"
9,2,"Team Laudantium",f,"2024-07-19 13:12:01","2024-07-19 13:12:01"
9,3,"Team Ipsa",m,"2024-07-19 13:12:01","2024-07-19 13:12:01"
9,4,"Team Ea",f,"2024-07-19 13:12:01","2024-07-19 13:12:01"
9,5,"Team Distinctio",m,"2024-07-19 13:12:01","2024-07-19 13:12:01"
9,6,"Team Minima",m,"2024-07-19 13:12:01","2024-07-19 13:12:01"
10,0,"Team Incidunt",f,"2024-07-19 13:12:01","2024-07-19 13:12:01"
10,1,"Team Doloribus",m,"2024-07-19 13:12:01","2024-07-19 13:12:01"
10,2,"Team Quam",f,"2024-07-19 13:12:01","2024-07-19 13:12:01"
10,3,"Team Sit",f,"2024-07-19 13:12:01","2024-07-19 13:12:01"
10,4,"Team Sequi",m,"2024-07-19 13:12:01","2024-07-19 13:12:01"
10,5,"Team Aspernatur",f,"2024-07-19 13:12:01","2024-07-19 13:12:01"
10,6,"Team Odit",f,"2024-07-19 13:12:01","2024-07-19 13:12:01"
11,0,"Team Pariatur",m,"2024-07-19 13:12:01","2024-07-19 13:12:01"
11,1,"Team Vitae",f,"2024-07-19 13:12:01","2024-07-19 13:12:01"
11,2,"Team Sapiente",f,"2024-07-19 13:12:01","2024-07-19 13:12:01"
11,3,"Team Dicta",f,"2024-07-19 13:12:01","2024-07-19 13:12:01"
12,0,"Team Ipsam",m,"2024-07-19 13:12:01","2024-07-19 13:12:01"
12,1,"Team Soluta",m,"2024-07-19 13:12:01","2024-07-19 13:12:01"
12,2,"Team Quaerat",f,"2024-07-19 13:12:01","2024-07-19 13:12:01"
12,3,"Team Qui",f,"2024-07-19 13:12:01","2024-07-19 13:12:01"
12,4,"Team Expedita",m,"2024-07-19 13:12:01","2024-07-19 13:12:01"
12,5,"Team Iste",m,"2024-07-19 13:12:01","2024-07-19 13:12:01"
12,6,"Team Possimus",f,"2024-07-19 13:12:01","2024-07-19 13:12:01"
13,0,"Team Suscipit",m,"2024-07-19 13:12:01","2024-07-19 13:12:01"
13,1,"Team Doloremque",m,"2024-07-19 13:12:01","2024-07-19 13:12:01"
13,2,"Team Optio",m,"2024-07-19 13:12:01","2024-07-19 13:12:01"
13,3,"Team Deleniti",f,"2024-07-19 13:12:01","2024-07-19 13:12:01"
13,4,"Team Velit",f,"2024-07-19 13:12:01","2024-07-19 13:12:01"
13,5,"Team Labore",m,"2024-07-19 13:12:01","2024-07-19 13:12:01"
14,0,"Team Vitae",f,"2024-07-19 13:12:01","2024-07-19 13:12:01"
14,1,"Team Exercitationem",f,"2024-07-19 13:12:01","2024-07-19 13:12:01"
14,2,"Team Praesentium",f,"2024-07-19 13:12:01","2024-07-19 13:12:01"
14,3,"Team Excepturi",f,"2024-07-19 13:12:01","2024-07-19 13:12:01"
15,0,"Team Ea",m,"2024-07-19 13:12:01","2024-07-19 13:12:01"
15,1,"Team Ab",m,"2024-07-19 13:12:01","2024-07-19 13:12:01"
15,2,"Team Maiores",f,"2024-07-19 13:12:01","2024-07-19 13:12:01"
15,3,"Team Optio",f,"2024-07-19 13:12:01","2024-07-19 13:12:01"
15,4,"Team Nam",m,"2024-07-19 13:12:01","2024-07-19 13:12:01"
15,5,"Team Eligendi",f,"2024-07-19 13:12:01","2024-07-19 13:12:01"
16,0,"Team Officiis",f,"2024-07-19 13:12:01","2024-07-19 13:12:01"
16,1,"Team Facere",m,"2024-07-19 13:12:01","2024-07-19 13:12:01"
16,2,"Team Hic",f,"2024-07-19 13:12:01","2024-07-19 13:12:01"
16,3,"Team Ullam",f,"2024-07-19 13:12:01","2024-07-19 13:12:01"
16,4,"Team Iusto",f,"2024-07-19 13:12:01","2024-07-19 13:12:01"
16,5,"Team Aliquid",m,"2024-07-19 13:12:01","2024-07-19 13:12:01"
17,0,"Team Earum",m,"2024-07-19 13:12:01","2024-07-19 13:12:01"
17,1,"Team Porro",f,"2024-07-19 13:12:01","2024-07-19 13:12:01"
17,2,"Team Iusto",f,"2024-07-19 13:12:01","2024-07-19 13:12:01"
17,3,"Team Asperiores",m,"2024-07-19 13:12:01","2024-07-19 13:12:01"
17,4,"Team Dolores",f,"2024-07-19 13:12:01","2024-07-19 13:12:01"
17,5,"Team Dolor",m,"2024-07-19 13:12:01","2024-07-19 13:12:01"
17,6,"Team Eligendi",f,"2024-07-19 13:12:01","2024-07-19 13:12:01"
17,7,"Team Delectus",m,"2024-07-19 13:12:01","2024-07-19 13:12:01"
18,0,"Team Dolorem",f,"2024-07-19 13:12:01","2024-07-19 13:12:01"
18,1,"Team Laudantium",f,"2024-07-19 13:12:01","2024-07-19 13:12:01"
18,2,"Team Illum",m,"2024-07-19 13:12:01","2024-07-19 13:12:01"
18,3,"Team Harum",m,"2024-07-19 13:12:01","2024-07-19 13:12:01"
18,4,"Team Consequuntur",f,"2024-07-19 13:12:01","2024-07-19 13:12:01"
19,0,"Team Similique",m,"2024-07-19 13:12:01","2024-07-19 13:12:01"
19,1,"Team Ipsum",f,"2024-07-19 13:12:01","2024-07-19 13:12:01"
19,2,"Team Sequi",f,"2024-07-19 13:12:01","2024-07-19 13:12:01"
19,3,"Team Sint",m,"2024-07-19 13:12:01","2024-07-19 13:12:01"
19,4,"Team Accusamus",m,"2024-07-19 13:12:01","2024-07-19 13:12:01"
20,0,"Team Beatae",m,"2024-07-19 13:12:01","2024-07-19 13:12:01"
20,1,"Team Iste",m,"2024-07-19 13:12:01","2024-07-19 13:12:01"
20,2,"Team Itaque",f,"2024-07-19 13:12:01","2024-07-19 13:12:01"
20,3,"Team Et",f,"2024-07-19 13:12:01","2024-07-19 13:12:01"
20,4,"Team Similique",f,"2024-07-19 13:12:01","2024-07-19 13:12:01"
20,5,"Team Quibusdam",m,"2024-07-19 13:12:01","2024-07-19 13:12:01"
21,0,"Team Ipsum",f,"2024-07-19 13:12:01","2024-07-19 13:12:01"
21,1,"Team Doloribus",m,"2024-07-19 13:12:01","2024-07-19 13:12:01"
21,2,"Team Facere",f,"2024-07-19 13:12:01","2024-07-19 13:12:01"
22,0,"Team Quam",f,"2024-07-19 13:12:01","2024-07-19 13:12:01"
22,1,"Team Eaque",m,"2024-07-19 13:12:01","2024-07-19 13:12:01"
22,2,"Team Consectetur",m,"2024-07-19 13:12:01","2024-07-19 13:12:01"
22,3,"Team Quos",m,"2024-07-19 13:12:01","2024-07-19 13:12:01"
23,0,"Team Nihil",f,"2024-07-19 13:12:01","2024-07-19 13:12:01"
23,1,"Team Soluta",m,"2024-07-19 13:12:01","2024-07-19 13:12:01"
23,2,"Team Nesciunt",f,"2024-07-19 13:12:01","2024-07-19 13:12:01"
23,3,"Team A",f,"2024-07-19 13:12:01","2024-07-19 13:12:01"
24,0,"Team Ex",f,"2024-07-19 13:12:01","2024-07-19 13:12:01"
24,1,"Team Voluptas",f,"2024-07-19 13:12:01","2024-07-19 13:12:01"
24,2,"Team Nesciunt",m,"2024-07-19 13:12:01","2024-07-19 13:12:01"
25,0,"Team Minus",f,"2024-07-19 13:12:01","2024-07-19 13:12:01"
25,1,"Team Fugit",f,"2024-07-19 13:12:01","2024-07-19 13:12:01"
25,2,"Team Rem",f,"2024-07-19 13:12:01","2024-07-19 13:12:01"
25,3,"Team Ipsa",f,"2024-07-19 13:12:01","2024-07-19 13:12:01"
25,4,"Team Tempora",m,"2024-07-19 13:12:01","2024-07-19 13:12:01"
25,5,"Team Aperiam",m,"2024-07-19 13:12:01","2024-07-19 13:12:01"
25,6,"Team Laboriosam",f,"2024-07-19 13:12:01","2024-07-19 13:12:01"
